<PhysiCell_settings version="devel-version">
	<domain>
		<x_min>-400</x_min>
		<x_max>400</x_max>
		<y_min>-400</y_min>
		<y_max>400</y_max>
		<z_min>-10</z_min>
		<z_max>10</z_max>
		<dx>20</dx>
		<dy>20</dy>
		<dz>20</dz>
		<use_2D>true</use_2D>
	</domain>
	
	<overall>
		<max_time units="min">1</max_time> 
		<time_units>min</time_units>
		<space_units>micron</space_units>
	
		<dt_diffusion units="min">0.01</dt_diffusion>
		<dt_mechanics units="min">0.1</dt_mechanics>
		<dt_phenotype units="min">6</dt_phenotype>	
	</overall>
	
	<parallel>
		<omp_num_threads>1</omp_num_threads>
	</parallel> 
	
	<save>
		<folder>output</folder>  

		<full_data>
			<interval units="min">360</interval>
			<enable>true</enable>
		</full_data>
		
		<SVG>
			<interval units="min">1</interval>
			<enable>true</enable>
		</SVG>
		
		<legacy_data>
			<enable>false</enable>
		</legacy_data>
	</save>
	
	<options>
		<legacy_random_points_on_sphere_in_divide>false</legacy_random_points_on_sphere_in_divide>
    <virtual_wall_at_domain_edge>true</virtual_wall_at_domain_edge>
    <disable_automated_spring_adhesions>true</disable_automated_spring_adhesions>
	</options>		

	<microenvironment_setup>
		<variable name="nutrient" units="dimensionless" ID="0">
        <physical_parameter_set>
          <diffusion_coefficient units="micron^2/min">100.0</diffusion_coefficient>
          <decay_rate units="1/min">0.1</decay_rate>
        </physical_parameter_set>
        <initial_condition units="mmHg">1.0</initial_condition>
        <Dirichlet_boundary_condition units="mmHg" enabled="False">0</Dirichlet_boundary_condition>
        <Dirichlet_options>
          <boundary_value ID="xmin" enabled="False">0</boundary_value>
          <boundary_value ID="xmax" enabled="False">0</boundary_value>
          <boundary_value ID="ymin" enabled="False">0</boundary_value>
          <boundary_value ID="ymax" enabled="False">0</boundary_value>
          <boundary_value ID="zmin" enabled="False">0</boundary_value>
          <boundary_value ID="zmax" enabled="False">0</boundary_value>
        </Dirichlet_options>
        </variable>

      <options>
			<calculate_gradients>true</calculate_gradients>
			<track_internalized_substrates_in_each_agent>true</track_internalized_substrates_in_each_agent>
			 
			<initial_condition type="matlab" enabled="false">
				<filename>./config/initial.mat</filename>
			</initial_condition>
			 
			<dirichlet_nodes type="matlab" enabled="false">
				<filename>./config/dirichlet.mat</filename>
			</dirichlet_nodes>
		</options>
	</microenvironment_setup>	
	
	<cell_definitions>
		<cell_definition name="cell" ID="0">
        <phenotype>
          <cycle code="5" name="live">
            <phase_transition_rates units="1/min">
              <rate start_index="0" end_index="0" fixed_duration="false">0.0</rate>
            </phase_transition_rates>
            </cycle>

          <death>
            <model code="100" name="apoptosis">
              <death_rate units="1/min">0</death_rate>
              <phase_durations units="min">
                <duration index="0" fixed_duration="true">516</duration>
              </phase_durations>
              <parameters>
                <unlysed_fluid_change_rate units="1/min">0.05</unlysed_fluid_change_rate>
                <lysed_fluid_change_rate units="1/min">0</lysed_fluid_change_rate>
                <cytoplasmic_biomass_change_rate units="1/min">1.66667e-02</cytoplasmic_biomass_change_rate>
                <nuclear_biomass_change_rate units="1/min">5.83333e-03</nuclear_biomass_change_rate>
                <calcification_rate units="1/min">0</calcification_rate>
                <relative_rupture_volume units="dimensionless">2.0</relative_rupture_volume>
              </parameters>
            </model>
            <model code="101" name="necrosis">
              <death_rate units="1/min">0.0</death_rate>
              <phase_durations units="min">
                <duration index="0" fixed_duration="true">0</duration>
              <duration index="1" fixed_duration="true">0</duration>
              </phase_durations>
              <parameters>
                <unlysed_fluid_change_rate units="1/min">0.05</unlysed_fluid_change_rate>
                <lysed_fluid_change_rate units="1/min">0</lysed_fluid_change_rate>
                <cytoplasmic_biomass_change_rate units="1/min">1.66667e-02</cytoplasmic_biomass_change_rate>
                <nuclear_biomass_change_rate units="1/min">5.83333e-03</nuclear_biomass_change_rate>
                <calcification_rate units="1/min">0</calcification_rate>
                <relative_rupture_volume units="dimensionless">2.0</relative_rupture_volume>
              </parameters>
            </model>
          </death>

          <volume>
            <total units="micron^3">2494</total>
            <fluid_fraction units="dimensionless">0.75</fluid_fraction>
            <nuclear units="micron^3">540</nuclear>
            <fluid_change_rate units="1/min">0.05</fluid_change_rate>
            <cytoplasmic_biomass_change_rate units="1/min">0.0045</cytoplasmic_biomass_change_rate>
            <nuclear_biomass_change_rate units="1/min">0.0055</nuclear_biomass_change_rate>
            <calcified_fraction units="dimensionless">0</calcified_fraction>
            <calcification_rate units="1/min">0</calcification_rate>
            <relative_rupture_volume units="dimensionless">2.0</relative_rupture_volume>
          </volume>

          <mechanics>
            <cell_cell_adhesion_strength units="micron/min">0.4</cell_cell_adhesion_strength>
            <cell_cell_repulsion_strength units="micron/min">10.0</cell_cell_repulsion_strength>
            <relative_maximum_adhesion_distance units="dimensionless">1.25</relative_maximum_adhesion_distance>
            <cell_adhesion_affinities>
                <cell_adhesion_affinity name="cell">1.0</cell_adhesion_affinity>
                <cell_adhesion_affinity name="ecm">1.0</cell_adhesion_affinity>
                <cell_adhesion_affinity name="attractant">1.0</cell_adhesion_affinity>
                </cell_adhesion_affinities>
            <options>
              <set_relative_equilibrium_distance enabled="false" units="dimensionless">1.8</set_relative_equilibrium_distance>
              <set_absolute_equilibrium_distance enabled="false" units="micron">15.12</set_absolute_equilibrium_distance>
            </options>
            <cell_BM_adhesion_strength units="micron/min">4.0</cell_BM_adhesion_strength>
            <cell_BM_repulsion_strength units="micron/min">10.0</cell_BM_repulsion_strength>
            <attachment_elastic_constant units="1/min">0.01</attachment_elastic_constant>
            <attachment_rate units="1/min">10.0</attachment_rate>
            <detachment_rate units="1/min">0.0</detachment_rate>
          </mechanics>

          <motility>
            <speed units="micron/min">1</speed>
            <persistence_time units="min">10</persistence_time>
            <migration_bias units="dimensionless">.5</migration_bias>
            <options>
              <enabled>true</enabled>
              <use_2D>true</use_2D>
              <chemotaxis>
                <enabled>true</enabled>
                <substrate>nutrient</substrate>
                <direction>1</direction>
              </chemotaxis>
              <advanced_chemotaxis>
                <enabled>false</enabled>
                <normalize_each_gradient>false</normalize_each_gradient>
                <chemotactic_sensitivities>
                  <chemotactic_sensitivity substrate="nutrient">0.0</chemotactic_sensitivity>
                  </chemotactic_sensitivities>
                </advanced_chemotaxis>
            </options>
          </motility>

          <secretion>
            <substrate name="nutrient">
              <secretion_rate units="1/min">0</secretion_rate>
              <secretion_target units="substrate density">1</secretion_target>
              <uptake_rate units="1/min">0</uptake_rate>
              <net_export_rate units="total substrate/min">0</net_export_rate>
            </substrate>
            </secretion>

          <cell_interactions>
            <dead_phagocytosis_rate units="1/min">0.0</dead_phagocytosis_rate>
            <live_phagocytosis_rates>
                <phagocytosis_rate name="cell" units="1/min">0.0</phagocytosis_rate>
                <phagocytosis_rate name="ecm" units="1/min">0.0</phagocytosis_rate>
                <phagocytosis_rate name="attractant" units="1/min">0.0</phagocytosis_rate>
                </live_phagocytosis_rates>

            <attack_rates>
                  <attack_rate name="cell" units="1/min">0.0</attack_rate>
                  <attack_rate name="ecm" units="1/min">0.0</attack_rate>
                  <attack_rate name="attractant" units="1/min">0.0</attack_rate>
                  </attack_rates>

            <damage_rate units="1/min">1.0</damage_rate>
            <fusion_rates>
                  <fusion_rate name="cell" units="1/min">0.0</fusion_rate>
                  <fusion_rate name="ecm" units="1/min">0.0</fusion_rate>
                  <fusion_rate name="attractant" units="1/min">0.0</fusion_rate>
                  </fusion_rates>

          </cell_interactions>

          <cell_transformations>
            <transformation_rates>
                <transformation_rate name="cell" units="1/min">0.0</transformation_rate>
                <transformation_rate name="ecm" units="1/min">0.0</transformation_rate>
                <transformation_rate name="attractant" units="1/min">0.0</transformation_rate>
                </transformation_rates>
            </cell_transformations>

          </phenotype>
        <custom_data>
          <sample conserved="false" units="" description="">1.0</sample>
        </custom_data>
      </cell_definition>

      <cell_definition name="ecm" ID="1">
        <phenotype>
          <cycle code="5" name="live">
            <phase_transition_rates units="1/min">
              <rate start_index="0" end_index="0" fixed_duration="false">0.0</rate>
            </phase_transition_rates>
            </cycle>

          <death>
            <model code="100" name="apoptosis">
              <death_rate units="1/min">0</death_rate>
              <phase_durations units="min">
                <duration index="0" fixed_duration="true">516</duration>
              </phase_durations>
              <parameters>
                <unlysed_fluid_change_rate units="1/min">0.05</unlysed_fluid_change_rate>
                <lysed_fluid_change_rate units="1/min">0</lysed_fluid_change_rate>
                <cytoplasmic_biomass_change_rate units="1/min">1.66667e-02</cytoplasmic_biomass_change_rate>
                <nuclear_biomass_change_rate units="1/min">5.83333e-03</nuclear_biomass_change_rate>
                <calcification_rate units="1/min">0</calcification_rate>
                <relative_rupture_volume units="dimensionless">2.0</relative_rupture_volume>
              </parameters>
            </model>
            <model code="101" name="necrosis">
              <death_rate units="1/min">0.0</death_rate>
              <phase_durations units="min">
                <duration index="0" fixed_duration="true">0</duration>
              <duration index="1" fixed_duration="true">0</duration>
              </phase_durations>
              <parameters>
                <unlysed_fluid_change_rate units="1/min">0.05</unlysed_fluid_change_rate>
                <lysed_fluid_change_rate units="1/min">0</lysed_fluid_change_rate>
                <cytoplasmic_biomass_change_rate units="1/min">1.66667e-02</cytoplasmic_biomass_change_rate>
                <nuclear_biomass_change_rate units="1/min">5.83333e-03</nuclear_biomass_change_rate>
                <calcification_rate units="1/min">0</calcification_rate>
                <relative_rupture_volume units="dimensionless">2.0</relative_rupture_volume>
              </parameters>
            </model>
          </death>

          <volume>
            <total units="micron^3">2494</total>
            <fluid_fraction units="dimensionless">0.75</fluid_fraction>
            <nuclear units="micron^3">540</nuclear>
            <fluid_change_rate units="1/min">0.05</fluid_change_rate>
            <cytoplasmic_biomass_change_rate units="1/min">0.0045</cytoplasmic_biomass_change_rate>
            <nuclear_biomass_change_rate units="1/min">0.0055</nuclear_biomass_change_rate>
            <calcified_fraction units="dimensionless">0</calcified_fraction>
            <calcification_rate units="1/min">0</calcification_rate>
            <relative_rupture_volume units="dimensionless">2.0</relative_rupture_volume>
          </volume>

          <mechanics>
            <cell_cell_adhesion_strength units="micron/min">0.4</cell_cell_adhesion_strength>
            <cell_cell_repulsion_strength units="micron/min">10.0</cell_cell_repulsion_strength>
            <relative_maximum_adhesion_distance units="dimensionless">1.25</relative_maximum_adhesion_distance>
            <cell_adhesion_affinities>
                <cell_adhesion_affinity name="cell">1.0</cell_adhesion_affinity>
                <cell_adhesion_affinity name="ecm">1.0</cell_adhesion_affinity>
                <cell_adhesion_affinity name="attractant">1.0</cell_adhesion_affinity>
                </cell_adhesion_affinities>
            <options>
              <set_relative_equilibrium_distance enabled="false" units="dimensionless">1.8</set_relative_equilibrium_distance>
              <set_absolute_equilibrium_distance enabled="false" units="micron">15.12</set_absolute_equilibrium_distance>
            </options>
            <cell_BM_adhesion_strength units="micron/min">4.0</cell_BM_adhesion_strength>
            <cell_BM_repulsion_strength units="micron/min">10.0</cell_BM_repulsion_strength>
            <attachment_elastic_constant units="1/min">0.01</attachment_elastic_constant>
            <attachment_rate units="1/min">10.0</attachment_rate>
            <detachment_rate units="1/min">0.0</detachment_rate>
          </mechanics>

          <motility>
            <speed units="micron/min">0</speed>
            <persistence_time units="min">0</persistence_time>
            <migration_bias units="dimensionless">0</migration_bias>
            <options>
              <enabled>false</enabled>
              <use_2D>true</use_2D>
              <chemotaxis>
                <enabled>false</enabled>
                <substrate>nutrient</substrate>
                <direction>1</direction>
              </chemotaxis>
              <advanced_chemotaxis>
                <enabled>false</enabled>
                <normalize_each_gradient>false</normalize_each_gradient>
                <chemotactic_sensitivities>
                  <chemotactic_sensitivity substrate="nutrient">0.0</chemotactic_sensitivity>
                  </chemotactic_sensitivities>
                </advanced_chemotaxis>
            </options>
          </motility>

          <secretion>
            <substrate name="nutrient">
              <secretion_rate units="1/min">0</secretion_rate>
              <secretion_target units="substrate density">1</secretion_target>
              <uptake_rate units="1/min">0</uptake_rate>
              <net_export_rate units="total substrate/min">0</net_export_rate>
            </substrate>
            </secretion>

          <cell_interactions>
            <dead_phagocytosis_rate units="1/min">0.0</dead_phagocytosis_rate>
            <live_phagocytosis_rates>
                <phagocytosis_rate name="cell" units="1/min">0.0</phagocytosis_rate>
                <phagocytosis_rate name="ecm" units="1/min">0.0</phagocytosis_rate>
                <phagocytosis_rate name="attractant" units="1/min">0.0</phagocytosis_rate>
                </live_phagocytosis_rates>

            <attack_rates>
                  <attack_rate name="cell" units="1/min">0.0</attack_rate>
                  <attack_rate name="ecm" units="1/min">0.0</attack_rate>
                  <attack_rate name="attractant" units="1/min">0.0</attack_rate>
                  </attack_rates>

            <damage_rate units="1/min">1.0</damage_rate>
            <fusion_rates>
                  <fusion_rate name="cell" units="1/min">0.0</fusion_rate>
                  <fusion_rate name="ecm" units="1/min">0.0</fusion_rate>
                  <fusion_rate name="attractant" units="1/min">0.0</fusion_rate>
                  </fusion_rates>

          </cell_interactions>

          <cell_transformations>
            <transformation_rates>
                <transformation_rate name="cell" units="1/min">0.0</transformation_rate>
                <transformation_rate name="ecm" units="1/min">0.0</transformation_rate>
                <transformation_rate name="attractant" units="1/min">0.0</transformation_rate>
                </transformation_rates>
            </cell_transformations>

          </phenotype>
        <custom_data>
          <sample conserved="false" units="" description="">1.0</sample>
        </custom_data>
      </cell_definition>

      <cell_definition name="attractant" ID="2">
        <phenotype>
          <cycle code="5" name="live">
            <phase_transition_rates units="1/min">
              <rate start_index="0" end_index="0" fixed_duration="false">0.0</rate>
            </phase_transition_rates>
            </cycle>

          <death>
            <model code="100" name="apoptosis">
              <death_rate units="1/min">0</death_rate>
              <phase_durations units="min">
                <duration index="0" fixed_duration="true">516</duration>
              </phase_durations>
              <parameters>
                <unlysed_fluid_change_rate units="1/min">0.05</unlysed_fluid_change_rate>
                <lysed_fluid_change_rate units="1/min">0</lysed_fluid_change_rate>
                <cytoplasmic_biomass_change_rate units="1/min">1.66667e-02</cytoplasmic_biomass_change_rate>
                <nuclear_biomass_change_rate units="1/min">5.83333e-03</nuclear_biomass_change_rate>
                <calcification_rate units="1/min">0</calcification_rate>
                <relative_rupture_volume units="dimensionless">2.0</relative_rupture_volume>
              </parameters>
            </model>
            <model code="101" name="necrosis">
              <death_rate units="1/min">0.0</death_rate>
              <phase_durations units="min">
                <duration index="0" fixed_duration="true">0</duration>
              <duration index="1" fixed_duration="true">0</duration>
              </phase_durations>
              <parameters>
                <unlysed_fluid_change_rate units="1/min">0.05</unlysed_fluid_change_rate>
                <lysed_fluid_change_rate units="1/min">0</lysed_fluid_change_rate>
                <cytoplasmic_biomass_change_rate units="1/min">1.66667e-02</cytoplasmic_biomass_change_rate>
                <nuclear_biomass_change_rate units="1/min">5.83333e-03</nuclear_biomass_change_rate>
                <calcification_rate units="1/min">0</calcification_rate>
                <relative_rupture_volume units="dimensionless">2.0</relative_rupture_volume>
              </parameters>
            </model>
          </death>

          <volume>
            <total units="micron^3">2494</total>
            <fluid_fraction units="dimensionless">0.75</fluid_fraction>
            <nuclear units="micron^3">540</nuclear>
            <fluid_change_rate units="1/min">0.05</fluid_change_rate>
            <cytoplasmic_biomass_change_rate units="1/min">0.0045</cytoplasmic_biomass_change_rate>
            <nuclear_biomass_change_rate units="1/min">0.0055</nuclear_biomass_change_rate>
            <calcified_fraction units="dimensionless">0</calcified_fraction>
            <calcification_rate units="1/min">0</calcification_rate>
            <relative_rupture_volume units="dimensionless">2.0</relative_rupture_volume>
          </volume>

          <mechanics>
            <cell_cell_adhesion_strength units="micron/min">0.4</cell_cell_adhesion_strength>
            <cell_cell_repulsion_strength units="micron/min">10.0</cell_cell_repulsion_strength>
            <relative_maximum_adhesion_distance units="dimensionless">1.25</relative_maximum_adhesion_distance>
            <cell_adhesion_affinities>
                <cell_adhesion_affinity name="cell">1.0</cell_adhesion_affinity>
                <cell_adhesion_affinity name="ecm">1.0</cell_adhesion_affinity>
                <cell_adhesion_affinity name="attractant">1.0</cell_adhesion_affinity>
                </cell_adhesion_affinities>
            <options>
              <set_relative_equilibrium_distance enabled="false" units="dimensionless">1.8</set_relative_equilibrium_distance>
              <set_absolute_equilibrium_distance enabled="false" units="micron">15.12</set_absolute_equilibrium_distance>
            </options>
            <cell_BM_adhesion_strength units="micron/min">4.0</cell_BM_adhesion_strength>
            <cell_BM_repulsion_strength units="micron/min">10.0</cell_BM_repulsion_strength>
            <attachment_elastic_constant units="1/min">0.01</attachment_elastic_constant>
            <attachment_rate units="1/min">10.0</attachment_rate>
            <detachment_rate units="1/min">0.0</detachment_rate>
          </mechanics>

          <motility>
            <speed units="micron/min">0</speed>
            <persistence_time units="min">0</persistence_time>
            <migration_bias units="dimensionless">0</migration_bias>
            <options>
              <enabled>false</enabled>
              <use_2D>true</use_2D>
              <chemotaxis>
                <enabled>false</enabled>
                <substrate>nutrient</substrate>
                <direction>1</direction>
              </chemotaxis>
              <advanced_chemotaxis>
                <enabled>false</enabled>
                <normalize_each_gradient>false</normalize_each_gradient>
                <chemotactic_sensitivities>
                  <chemotactic_sensitivity substrate="nutrient">0.0</chemotactic_sensitivity>
                  </chemotactic_sensitivities>
                </advanced_chemotaxis>
            </options>
          </motility>

          <secretion>
            <substrate name="nutrient">
              <secretion_rate units="1/min">10</secretion_rate>
              <secretion_target units="substrate density">1</secretion_target>
              <uptake_rate units="1/min">0</uptake_rate>
              <net_export_rate units="total substrate/min">0</net_export_rate>
            </substrate>
            </secretion>

          <cell_interactions>
            <dead_phagocytosis_rate units="1/min">0.0</dead_phagocytosis_rate>
            <live_phagocytosis_rates>
                <phagocytosis_rate name="cell" units="1/min">0.0</phagocytosis_rate>
                <phagocytosis_rate name="ecm" units="1/min">0.0</phagocytosis_rate>
                <phagocytosis_rate name="attractant" units="1/min">0.0</phagocytosis_rate>
                </live_phagocytosis_rates>

            <attack_rates>
                  <attack_rate name="cell" units="1/min">0.0</attack_rate>
                  <attack_rate name="ecm" units="1/min">0.0</attack_rate>
                  <attack_rate name="attractant" units="1/min">0.0</attack_rate>
                  </attack_rates>

            <damage_rate units="1/min">1.0</damage_rate>
            <fusion_rates>
                  <fusion_rate name="cell" units="1/min">0.0</fusion_rate>
                  <fusion_rate name="ecm" units="1/min">0.0</fusion_rate>
                  <fusion_rate name="attractant" units="1/min">0.0</fusion_rate>
                  </fusion_rates>

          </cell_interactions>

          <cell_transformations>
            <transformation_rates>
                <transformation_rate name="cell" units="1/min">0.0</transformation_rate>
                <transformation_rate name="ecm" units="1/min">0.0</transformation_rate>
                <transformation_rate name="attractant" units="1/min">0.0</transformation_rate>
                </transformation_rates>
            </cell_transformations>

          </phenotype>
        <custom_data>
          <sample conserved="false" units="" description="">1.0</sample>
        </custom_data>
      </cell_definition>

      </cell_definitions>
	
	<initial_conditions>
		<cell_positions type="csv" enabled="false">
			<folder>./config</folder>
			<filename>cells.csv</filename>
		</cell_positions>
	</initial_conditions>	
	
	<user_parameters>
        <random_seed type="int" units="dimensionless" description="">0</random_seed>
        <number_of_cells type="int" units="none" description="initial number of cells (for each cell type)">0</number_of_cells>
        <number_of_fibres type="int" units="none" description="initial number of fibres (for each fibre type)">2000</number_of_fibres>
        <anisotropic_fibres type="bool" units="none" description="flag for whether we want anisotropic fibres">false</anisotropic_fibres>
        <fibre_length type="double" units="microns" description="length of fibres">75.0</fibre_length>
        <length_normdist_sd type="double" units="microns" description="standard deviation of fibre length">0.0</length_normdist_sd>
        <fibre_radius type="double" units="microns" description="radius of fibres">2.0</fibre_radius>
        <fibre_angle type="double" units="radians" description="angle of fibre orientation">0.0</fibre_angle>
        <angle_normdist_sd type="double" units="radians" description="standard deviation of fibre orientation angle">0.0</angle_normdist_sd>
        <fibre_degradation type="bool" units="none" description="flag for fibre degradation">false</fibre_degradation>
        <fibre_deg_rate type="double" units="1/min" description="fibre degradation rate">0.01</fibre_deg_rate>
        <fibre_custom_degradation type="bool" units="none" description="flag for having degradation depends on pressure">false</fibre_custom_degradation>
        <fibre_stuck type="double" units="1/min" description="time before stuck cell can degrade fibre">10.0</fibre_stuck>
        <fibre_stuck_threshold type="double" units="none" description="movement threshold to declare a cell stuck">0.05</fibre_stuck_threshold>
        <fibre_pushing type="bool" units="none" description="flag for fibre pushing">false</fibre_pushing>
        <fibre_sticky type="double" units="none" description="measure of how easy it is to move a fibre">1.0</fibre_sticky>
        <fibre_rotation type="bool" units="none" description="flag for fibre rotation">false</fibre_rotation>
        <vel_adhesion type="double" units="" description="cell velocity parallel to fibre">0.6</vel_adhesion>
        <vel_contact type="double" units="" description="cell velocity orthogonal to fibre">0.1</vel_contact>
        <cell_velocity_max type="double" units="" description="max cell velocity">1.0</cell_velocity_max>
        <color_cells_by_pressure type="bool" units="" description="flag for coloring cells by pressure">true</color_cells_by_pressure>
    </user_parameters>
	
</PhysiCell_settings>