<PhysiCell_settings version="devel-version">

    <domain>
        <x_min>-500</x_min>
        <x_max>500</x_max>
        <y_min>-500</y_min>
        <y_max>500</y_max>
        <z_min>-10</z_min>
        <z_max>10</z_max>
        <dx>20</dx>
        <dy>20</dy>
        <dz>20</dz>
        <use_2D>true</use_2D>
    </domain>

    <overall>
        <max_time units="min">1440</max_time>
        <time_units>min</time_units>
        <space_units>micron</space_units>
        <dt_diffusion units="min">0.01</dt_diffusion>
        <dt_mechanics units="min">0.1</dt_mechanics>
        <dt_phenotype units="min">6</dt_phenotype>
    </overall>

    <parallel>
        <omp_num_threads>10</omp_num_threads>
    </parallel>

    <save>
        <folder>output</folder>
        <full_data>
            <interval units="min">30</interval>
            <enable>true</enable>
        </full_data>
        <SVG>
            <interval units="min">30</interval>
            <enable>true</enable>
        </SVG>
        <legacy_data>
            <enable>false</enable>
        </legacy_data>
    </save>

    <options>
        <legacy_random_points_on_sphere_in_divide>false</legacy_random_points_on_sphere_in_divide>
        <virtual_wall_at_domain_edge>true</virtual_wall_at_domain_edge>
        <disable_automated_spring_adhesions>false</disable_automated_spring_adhesions>
    </options>

    <microenvironment_setup>
        <variable ID="0" name="oxygen" units="dimensionless">
        <physical_parameter_set>
          <diffusion_coefficient units="micron^2/min">100.0</diffusion_coefficient>
          <decay_rate units="1/min">0.0</decay_rate>
        </physical_parameter_set>
        <initial_condition units="mmHg">38</initial_condition>
        <Dirichlet_boundary_condition enabled="False" units="mmHg">0</Dirichlet_boundary_condition>
        <Dirichlet_options>
          <boundary_value ID="xmin" enabled="False">0</boundary_value>
          <boundary_value ID="xmax" enabled="False">0</boundary_value>
          <boundary_value ID="ymin" enabled="False">0</boundary_value>
          <boundary_value ID="ymax" enabled="False">0</boundary_value>
          <boundary_value ID="zmin" enabled="False">0</boundary_value>
          <boundary_value ID="zmax" enabled="False">0</boundary_value>
        </Dirichlet_options>
        </variable>

      <variable ID="1" name="glucose" units="dimensionless">
        <physical_parameter_set>
          <diffusion_coefficient units="micron^2/min">300</diffusion_coefficient>
          <decay_rate units="1/min">0.0</decay_rate>
        </physical_parameter_set>
        <initial_condition units="dimensionless">50</initial_condition>
        <Dirichlet_boundary_condition enabled="False" units="dimensionless">0.0</Dirichlet_boundary_condition>
        <Dirichlet_options>
          <boundary_value ID="xmin" enabled="False" />
          <boundary_value ID="xmax" enabled="False" />
          <boundary_value ID="ymin" enabled="False" />
          <boundary_value ID="ymax" enabled="False" />
          <boundary_value ID="zmin" enabled="False" />
          <boundary_value ID="zmax" enabled="False" />
        </Dirichlet_options>
        </variable>

      <variable ID="2" name="lactate" units="dimensionless">
        <physical_parameter_set>
          <diffusion_coefficient units="micron^2/min">300.0</diffusion_coefficient>
          <decay_rate units="1/min">0.0</decay_rate>
        </physical_parameter_set>
        <initial_condition units="dimensionless">0.0</initial_condition>
        <Dirichlet_boundary_condition enabled="False" units="dimensionless">0.0</Dirichlet_boundary_condition>
        <Dirichlet_options>
          <boundary_value ID="xmin" enabled="False" />
          <boundary_value ID="xmax" enabled="False" />
          <boundary_value ID="ymin" enabled="False" />
          <boundary_value ID="ymax" enabled="False" />
          <boundary_value ID="zmin" enabled="False" />
          <boundary_value ID="zmax" enabled="False" />
        </Dirichlet_options>
        </variable>

      <options>
            <calculate_gradients>true</calculate_gradients>
            <track_internalized_substrates_in_each_agent>true</track_internalized_substrates_in_each_agent>
            <initial_condition enabled="false" type="matlab">
                <filename>./config/initial.mat</filename>
            </initial_condition>
            <dirichlet_nodes enabled="false" type="matlab">
                <filename>./config/dirichlet.mat</filename>
            </dirichlet_nodes>
        </options>
    </microenvironment_setup>

    <cell_definitions>
        <cell_definition ID="0" name="default">
        <phenotype>
          <cycle code="5" name="live">
            <phase_transition_rates units="1/min">
              <rate end_index="0" fixed_duration="false" start_index="0">0.0</rate>
            </phase_transition_rates>
            </cycle>

          <death>
            <model code="100" name="apoptosis">
              <death_rate units="1/min">5.31667e-05</death_rate>
              <phase_transition_rates units="1/min">
                <rate end_index="1" fixed_duration="true" start_index="0">0.0</rate>
              </phase_transition_rates>
              <parameters>
                <unlysed_fluid_change_rate units="1/min">0.05</unlysed_fluid_change_rate>
                <lysed_fluid_change_rate units="1/min">0</lysed_fluid_change_rate>
                <cytoplasmic_biomass_change_rate units="1/min">1.66667e-02</cytoplasmic_biomass_change_rate>
                <nuclear_biomass_change_rate units="1/min">5.83333e-03</nuclear_biomass_change_rate>
                <calcification_rate units="1/min">0</calcification_rate>
                <relative_rupture_volume units="dimensionless">2.0</relative_rupture_volume>
              </parameters>
            </model>
            <model code="101" name="necrosis">
              <death_rate units="1/min">0.0</death_rate>
              <phase_transition_rates units="1/min">
                <rate end_index="1" fixed_duration="true" start_index="0">0.0</rate>
                <rate end_index="2" fixed_duration="true" start_index="1">0.000012</rate>
              </phase_transition_rates>
              <parameters>
                <unlysed_fluid_change_rate units="1/min">1.11667e-2</unlysed_fluid_change_rate>
                <lysed_fluid_change_rate units="1/min">8.33333e-4</lysed_fluid_change_rate>
                <cytoplasmic_biomass_change_rate units="1/min">5.33333e-5</cytoplasmic_biomass_change_rate>
                <nuclear_biomass_change_rate units="1/min">2.16667e-3</nuclear_biomass_change_rate>
                <calcification_rate units="1/min">0</calcification_rate>
                <relative_rupture_volume units="dimensionless">2.0</relative_rupture_volume>
              </parameters>
            </model>
          </death>

          <volume>
            <total units="micron^3">2494</total>
            <fluid_fraction units="dimensionless">0.75</fluid_fraction>
            <nuclear units="micron^3">540</nuclear>
            <fluid_change_rate units="1/min">0.05</fluid_change_rate>
            <cytoplasmic_biomass_change_rate units="1/min">0.0045</cytoplasmic_biomass_change_rate>
            <nuclear_biomass_change_rate units="1/min">0.0055</nuclear_biomass_change_rate>
            <calcified_fraction units="dimensionless">0</calcified_fraction>
            <calcification_rate units="1/min">0</calcification_rate>
            <relative_rupture_volume units="dimensionless">2.0</relative_rupture_volume>
          </volume>

          <mechanics>
            <cell_cell_adhesion_strength units="micron/min">0.4</cell_cell_adhesion_strength>
            <cell_cell_repulsion_strength units="micron/min">10.0</cell_cell_repulsion_strength>
            <relative_maximum_adhesion_distance units="dimensionless">1.25</relative_maximum_adhesion_distance>
            <cell_adhesion_affinities>
                <cell_adhesion_affinity name="default">1</cell_adhesion_affinity>
                </cell_adhesion_affinities>
            <options>
              <set_relative_equilibrium_distance enabled="false" units="dimensionless">1.8</set_relative_equilibrium_distance>
              <set_absolute_equilibrium_distance enabled="false" units="micron">15.12</set_absolute_equilibrium_distance>
            </options>
            <cell_BM_adhesion_strength units="micron/min">4.0</cell_BM_adhesion_strength>
            <cell_BM_repulsion_strength units="micron/min">10.0</cell_BM_repulsion_strength>
            <attachment_elastic_constant units="1/min">0.01</attachment_elastic_constant>
            <attachment_rate units="1/min">0.0</attachment_rate>
            <detachment_rate units="1/min">0.0</detachment_rate>
          </mechanics>

          <motility>
            <speed units="micron/min">0.0</speed>
            <persistence_time units="min">0.1</persistence_time>
            <migration_bias units="dimensionless">.9</migration_bias>
            <options>
              <enabled>true</enabled>
              <use_2D>true</use_2D>
              <chemotaxis>
                <enabled>false</enabled>
                <substrate>oxygen</substrate>
                <direction>1</direction>
              </chemotaxis>
              <advanced_chemotaxis>
                <enabled>false</enabled>
                <normalize_each_gradient>false</normalize_each_gradient>
                <chemotactic_sensitivities>
                  <chemotactic_sensitivity substrate="oxygen">0.0</chemotactic_sensitivity>
                  <chemotactic_sensitivity substrate="glucose">0.0</chemotactic_sensitivity>
                  <chemotactic_sensitivity substrate="lactate">0.0</chemotactic_sensitivity>
                  </chemotactic_sensitivities>
                </advanced_chemotaxis>
            </options>
          </motility>

          <secretion>
            <substrate name="oxygen">
              <secretion_rate units="1/min">0</secretion_rate>
              <secretion_target units="substrate density">1</secretion_target>
              <uptake_rate units="1/min">0.005</uptake_rate>
              <net_export_rate units="total substrate/min">0</net_export_rate>
            </substrate>
            <substrate name="glucose">
              <secretion_rate units="1/min">0.0</secretion_rate>
              <secretion_target units="substrate density">0.0</secretion_target>
              <uptake_rate units="1/min">0.001</uptake_rate>
              <net_export_rate units="total substrate/min">0.0</net_export_rate>
            </substrate>
            <substrate name="lactate">
              <secretion_rate units="1/min">0.0</secretion_rate>
              <secretion_target units="substrate density">10.0</secretion_target>
              <uptake_rate units="1/min">0.0</uptake_rate>
              <net_export_rate units="total substrate/min">0.0</net_export_rate>
            </substrate>
            </secretion>

          <cell_interactions>
            <dead_phagocytosis_rate units="1/min">0</dead_phagocytosis_rate>
            <live_phagocytosis_rates>
                <phagocytosis_rate name="default" units="1/min">0</phagocytosis_rate>
                </live_phagocytosis_rates>

            <attack_rates>
                  <attack_rate name="default" units="1/min">0</attack_rate>
                  </attack_rates>

            <damage_rate units="1/min">1</damage_rate>
            <fusion_rates>
                  <fusion_rate name="default" units="1/min">0</fusion_rate>
                  </fusion_rates>

          </cell_interactions>

          <cell_transformations>
            <transformation_rates>
                <transformation_rate name="default" units="1/min">0</transformation_rate>
                </transformation_rates>
            </cell_transformations>

        <intracellular type="roadrunner">
            <sbml_filename>./config/Toy_Metabolic_Model.xml</sbml_filename>
            <intracellular_dt>0.01</intracellular_dt>
            <map PC_substrate="oxygen" sbml_species="Oxygen"></map >
            <map PC_substrate="lactate" sbml_species="Lactate"></map >
            <map PC_substrate="glucose" sbml_species="Glucose"></map >
            <map PC_phenotype="da" sbml_species="apoptosis_rate"></map>
            <map PC_phenotype="mms" sbml_species="migration_speed"></map>
            <map PC_phenotype="ssr_lactate" sbml_species="Lac_Secretion_Rate"></map>
        </intracellular>


          </phenotype>
        <custom_data>
          <intra_oxy conserved="false" description="" units="dimensionless">0.0</intra_oxy>
          <intra_glu conserved="false" description="" units="">0.0</intra_glu>
          <intra_lac conserved="false" description="" units="">0.0</intra_lac>
          <intra_energy conserved="false" description="" units="">0.0</intra_energy>
          </custom_data>
      </cell_definition>

      </cell_definitions>

    <initial_conditions>
        <cell_positions enabled="false" type="csv">
            <folder>./config</folder>
            <filename>cells.csv</filename>
        </cell_positions>
    </initial_conditions>

    <cell_rules>
        <rulesets>
            <ruleset enabled="true" format="csv" protocol="CBHG" version="2.0">
                <folder>./config</folder>
                <filename>rules0.csv</filename>
            </ruleset>
        </rulesets>
        <settings />
    </cell_rules>

    <user_parameters>
        <random_seed description="" type="int" units="dimensionless">0</random_seed>
        <initial_internal_oxygen description="initial number of cells (for each cell type)" type="double" units="none">0.8</initial_internal_oxygen>
        <initial_internal_glucose description="" type="double" units="">15</initial_internal_glucose>
        <initial_internal_lactate description="" type="double" units="">0.0</initial_internal_lactate>
        <initial_energy description="" type="double" units="">450</initial_energy>
        </user_parameters>
</PhysiCell_settings>